"","id_order","sku","name_en"
"1",300474,"DLK0088","D-Link DCS 855L EyeOn baby monitors HD camera 360 degrees Wi-Fi"
"2",300945,"DLK0002","D-Link DCS-932L Wireless IP Camera Cloud"
"3",302086,"DLK0002","D-Link DCS-932L Wireless IP Camera Cloud"
"4",306927,"DLK0088","D-Link DCS 855L EyeOn baby monitors HD camera 360 degrees Wi-Fi"
"5",265614,"DLK0130","D-Link DCS 180 camera HD 960L Wi-Fi ac includes 16GB microsd"
"6",308692,"DLK0002","D-Link DCS-932L Wireless IP Camera Cloud"
"7",308748,"DLK0002","D-Link DCS-932L Wireless IP Camera Cloud"
"8",308825,"DLK0088","D-Link DCS 855L EyeOn baby monitors HD camera 360 degrees Wi-Fi"
"9",310958,"DLK0002","D-Link DCS-932L Wireless IP Camera Cloud"
"10",311750,"DLK0088","D-Link DCS 855L EyeOn baby monitors HD camera 360 degrees Wi-Fi"
"11",312311,"DLK0088","D-Link DCS 855L EyeOn baby monitors HD camera 360 degrees Wi-Fi"
"12",314570,"DLK0088","D-Link DCS 855L EyeOn baby monitors HD camera 360 degrees Wi-Fi"
"13",315980,"NEA0008","Welcome Netatmo facial recognition camera"
"14",318816,"NEA0008","Welcome Netatmo facial recognition camera"
"15",319812,"DLK0002","D-Link DCS-932L Wireless IP Camera Cloud"
"16",321167,"DLK0130","D-Link DCS 180 camera HD 960L Wi-Fi ac includes 16GB microsd"
"17",321336,"DLK0002","D-Link DCS-932L Wireless IP Camera Cloud"
"18",322147,"DLK0088","D-Link DCS 855L EyeOn baby monitors HD camera 360 degrees Wi-Fi"
"19",322726,"DLK0130","D-Link DCS 180 camera HD 960L Wi-Fi ac includes 16GB microsd"
"20",324546,"DLK0003","D-Link DCS-942L Wireless IP Camera Cloud"
"21",324887,"DLK0130","D-Link DCS 180 camera HD 960L Wi-Fi ac includes 16GB microsd"
"22",325806,"DLK0051","D-Link DCS-825L camera EyeOn Wi-Fi baby monitor"
"23",326750,"DLK0002","D-Link DCS-932L Wireless IP Camera Cloud"
"24",327363,"DLK0088","D-Link DCS 855L EyeOn baby monitors HD camera 360 degrees Wi-Fi"
"25",346922,"DLK0130","D-Link DCS 180 camera HD 960L Wi-Fi ac includes 16GB microsd"
"26",348911,"NEA0012","Netatmo Presence outdoor security camera supports HomeKit"
"27",348976,"DLK0120","D-Link DCS-5010L mydlink Home video surveillance camera iPhone / iPad"
"28",350414,"DLK0002","D-Link DCS-932L Wireless IP Camera Cloud"
"29",352190,"KAI0001","Kaiser Baas X90 camera action"
"30",353034,"DLK0002","D-Link DCS-932L Wireless IP Camera Cloud"
"31",354381,"DLK0002","D-Link DCS-932L Wireless IP Camera Cloud"
"32",355551,"NEA0012","Netatmo Presence outdoor security camera supports HomeKit"
"33",355551,"NEA0008","Welcome Netatmo facial recognition camera"
"34",358529,"NEA0012","Netatmo Presence outdoor security camera supports HomeKit"
"35",359888,"NEA0008","Welcome Netatmo facial recognition camera"
"36",359888,"NEA0012","Netatmo Presence outdoor security camera supports HomeKit"
"37",360211,"WIT0014","Withings Home HD camera"
"38",362451,"NEA0008","Welcome Netatmo facial recognition camera"
"39",362573,"DLK0051","D-Link DCS-825L camera EyeOn Wi-Fi baby monitor"
"40",362616,"DLK0051","D-Link DCS-825L camera EyeOn Wi-Fi baby monitor"
"41",362638,"DLK0088","D-Link DCS 855L EyeOn baby monitors HD camera 360 degrees Wi-Fi"
"42",362702,"DLK0051","D-Link DCS-825L camera EyeOn Wi-Fi baby monitor"
"43",362792,"DLK0002","D-Link DCS-932L Wireless IP Camera Cloud"
"44",363105,"DLK0051","D-Link DCS-825L camera EyeOn Wi-Fi baby monitor"
"45",365981,"DLK0051","D-Link DCS-825L camera EyeOn Wi-Fi baby monitor"
"46",370102,"DLK0133","D-link Omna 180 HD Cam Video surveillance camera 180 degrees FHD Home Kit"
"47",371212,"NEA0012","Netatmo Presence outdoor security camera supports HomeKit"
"48",373249,"DLK0133","D-link Omna 180 HD Cam Video surveillance camera 180 degrees FHD Home Kit"
"49",373750,"DLK0051","D-Link DCS-825L camera EyeOn Wi-Fi baby monitor"
"50",374809,"DLK0130","D-Link DCS 180 camera HD 960L Wi-Fi ac includes 16GB microsd"
"51",375975,"DLK0051","D-Link DCS-825L camera EyeOn Wi-Fi baby monitor"
"52",376844,"DLK0044","D-Link DCS-5020L wireless surveillance camera Day / Night Network"
"53",380618,"DLK0051","D-Link DCS-825L camera EyeOn Wi-Fi baby monitor"
"54",380807,"DLK0130","D-Link DCS 180 camera HD 960L Wi-Fi ac includes 16GB microsd"
"55",383559,"DLK0051","D-Link DCS-825L camera EyeOn Wi-Fi baby monitor"
"56",386501,"DLK0088","D-Link DCS 855L EyeOn baby monitors HD camera 360 degrees Wi-Fi"
"57",386722,"DLK0051","D-Link DCS-825L camera EyeOn Wi-Fi baby monitor"
"58",386945,"DLK0088","D-Link DCS 855L EyeOn baby monitors HD camera 360 degrees Wi-Fi"
"59",388239,"DLK0088","D-Link DCS 855L EyeOn baby monitors HD camera 360 degrees Wi-Fi"
"60",388762,"DLK0088","D-Link DCS 855L EyeOn baby monitors HD camera 360 degrees Wi-Fi"
"61",388971,"DLK0088","D-Link DCS 855L EyeOn baby monitors HD camera 360 degrees Wi-Fi"
"62",389990,"DLK0088","D-Link DCS 855L EyeOn baby monitors HD camera 360 degrees Wi-Fi"
"63",390486,"DLK0051","D-Link DCS-825L camera EyeOn Wi-Fi baby monitor"
"64",390661,"DLK0051","D-Link DCS-825L camera EyeOn Wi-Fi baby monitor"
"65",390677,"DLK0051","D-Link DCS-825L camera EyeOn Wi-Fi baby monitor"
"66",390748,"DLK0088","D-Link DCS 855L EyeOn baby monitors HD camera 360 degrees Wi-Fi"
"67",390617,"DLK0051","D-Link DCS-825L camera EyeOn Wi-Fi baby monitor"
"68",390854,"DLK0088","D-Link DCS 855L EyeOn baby monitors HD camera 360 degrees Wi-Fi"
"69",390957,"DLK0088","D-Link DCS 855L EyeOn baby monitors HD camera 360 degrees Wi-Fi"
"70",390994,"DLK0088","D-Link DCS 855L EyeOn baby monitors HD camera 360 degrees Wi-Fi"
"71",391031,"DLK0002","D-Link DCS-932L Wireless IP Camera Cloud"
"72",391117,"DLK0002","D-Link DCS-932L Wireless IP Camera Cloud"
"73",391380,"DLK0051","D-Link DCS-825L camera EyeOn Wi-Fi baby monitor"
"74",391847,"DLK0051","D-Link DCS-825L camera EyeOn Wi-Fi baby monitor"
"75",393191,"DLK0051","D-Link DCS-825L camera EyeOn Wi-Fi baby monitor"
"76",393418,"DLK0051","D-Link DCS-825L camera EyeOn Wi-Fi baby monitor"
"77",393803,"DLK0133-A","Open - D-Link Omna 180 HD Cam Video surveillance camera 180 degrees FHD Home Kit"
"78",394199,"DLK0051","D-Link DCS-825L camera EyeOn Wi-Fi baby monitor"
"79",393259,"DLK0133","D-link Omna 180 HD Cam Video surveillance camera 180 degrees FHD Home Kit"
"80",396013,"DLK0051","D-Link DCS-825L camera EyeOn Wi-Fi baby monitor"
"81",396808,"DLK0051","D-Link DCS-825L camera EyeOn Wi-Fi baby monitor"
"82",394795,"DLK0088","D-Link DCS 855L EyeOn baby monitors HD camera 360 degrees Wi-Fi"
"83",397037,"DLK0051","D-Link DCS-825L camera EyeOn Wi-Fi baby monitor"
"84",398303,"GOP0090","GoPro Hero Action Camera Session"
"85",399525,"DLK0051","D-Link DCS-825L camera EyeOn Wi-Fi baby monitor"
"86",400619,"DLK0051","D-Link DCS-825L camera EyeOn Wi-Fi baby monitor"
"87",401884,"DLK0051","D-Link DCS-825L camera EyeOn Wi-Fi baby monitor"
"88",403853,"DLK0051","D-Link DCS-825L camera EyeOn Wi-Fi baby monitor"
"89",403995,"DLK0051","D-Link DCS-825L camera EyeOn Wi-Fi baby monitor"
"90",405029,"DLK0088","D-Link DCS 855L EyeOn baby monitors HD camera 360 degrees Wi-Fi"
"91",405044,"DLK0051","D-Link DCS-825L camera EyeOn Wi-Fi baby monitor"
"92",405169,"DLK0051","D-Link DCS-825L camera EyeOn Wi-Fi baby monitor"
"93",405598,"DLK0002","D-Link DCS-932L Wireless IP Camera Cloud"
"94",406639,"DLK0051","D-Link DCS-825L camera EyeOn Wi-Fi baby monitor"
"95",407412,"DLK0051","D-Link DCS-825L camera EyeOn Wi-Fi baby monitor"
"96",407651,"GOP0090","GoPro Hero Action Camera Session"
"97",408455,"DLK0088","D-Link DCS 855L EyeOn baby monitors HD camera 360 degrees Wi-Fi"
"98",408482,"DLK0002","D-Link DCS-932L Wireless IP Camera Cloud"
"99",409568,"DLK0088","D-Link DCS 855L EyeOn baby monitors HD camera 360 degrees Wi-Fi"
"100",409704,"DLK0051","D-Link DCS-825L camera EyeOn Wi-Fi baby monitor"
"101",409750,"DLK0051","D-Link DCS-825L camera EyeOn Wi-Fi baby monitor"
"102",409946,"DLK0051","D-Link DCS-825L camera EyeOn Wi-Fi baby monitor"
"103",409982,"DLK0051","D-Link DCS-825L camera EyeOn Wi-Fi baby monitor"
"104",410101,"GOP0090","GoPro Hero Action Camera Session"
"105",397495,"DLK0051","D-Link DCS-825L camera EyeOn Wi-Fi baby monitor"
"106",411361,"GOP0090","GoPro Hero Action Camera Session"
"107",411955,"DLK0051","D-Link DCS-825L camera EyeOn Wi-Fi baby monitor"
"108",412195,"DLK0051","D-Link DCS-825L camera EyeOn Wi-Fi baby monitor"
"109",413054,"GOP0090","GoPro Hero Action Camera Session"
"110",413268,"GOP0090","GoPro Hero Action Camera Session"
"111",414216,"DLK0051","D-Link DCS-825L camera EyeOn Wi-Fi baby monitor"
"112",416522,"DLK0051","D-Link DCS-825L camera EyeOn Wi-Fi baby monitor"
"113",416543,"DLK0002","D-Link DCS-932L Wireless IP Camera Cloud"
"114",416597,"DLK0051","D-Link DCS-825L camera EyeOn Wi-Fi baby monitor"
"115",416740,"GOP0090","GoPro Hero Action Camera Session"
"116",416843,"DLK0051","D-Link DCS-825L camera EyeOn Wi-Fi baby monitor"
"117",416957,"GOP0090","GoPro Hero Action Camera Session"
"118",417580,"DLK0051","D-Link DCS-825L camera EyeOn Wi-Fi baby monitor"
"119",418686,"DLK0088","D-Link DCS 855L EyeOn baby monitors HD camera 360 degrees Wi-Fi"
"120",419232,"DLK0088","D-Link DCS 855L EyeOn baby monitors HD camera 360 degrees Wi-Fi"
"121",420922,"DLK0133","D-link Omna 180 HD Cam Video surveillance camera 180 degrees FHD Home Kit"
"122",422007,"DLK0051","D-Link DCS-825L camera EyeOn Wi-Fi baby monitor"
"123",422509,"DLK0051","D-Link DCS-825L camera EyeOn Wi-Fi baby monitor"
"124",424361,"NEA0012","Netatmo Presence outdoor security camera supports HomeKit"
"125",425219,"DLK0133-A","Open - D-Link Omna 180 HD Cam Video surveillance camera 180 degrees FHD Home Kit"
"126",427281,"DLK0133","D-link Omna 180 HD Cam Video surveillance camera 180 degrees FHD Home Kit"
"127",432494,"NEA0012","Netatmo Presence outdoor security camera supports HomeKit"
"128",434416,"NEA0008","Welcome Netatmo facial recognition camera"
"129",435228,"DLK0133","D-link Omna 180 HD Cam Video surveillance camera 180 degrees FHD Home Kit"
"130",436049,"DLK0051","D-Link DCS-825L camera EyeOn Wi-Fi baby monitor"
"131",437594,"NEA0008","Welcome Netatmo facial recognition camera"
"132",437594,"NEA0012","Netatmo Presence outdoor security camera supports HomeKit"
"133",438313,"DLK0133","D-link Omna 180 HD Cam Video surveillance camera 180 degrees FHD Home Kit"
"134",438963,"DLK0051","D-Link DCS-825L camera EyeOn Wi-Fi baby monitor"
"135",439152,"DLK0051","D-Link DCS-825L camera EyeOn Wi-Fi baby monitor"
"136",439780,"DLK0051","D-Link DCS-825L camera EyeOn Wi-Fi baby monitor"
"137",440096,"DLK0002","D-Link DCS-932L Wireless IP Camera Cloud"
"138",440244,"GOP0090","GoPro Hero Action Camera Session"
"139",440685,"NEA0008","Welcome Netatmo facial recognition camera"
"140",440801,"DLK0133","D-link Omna 180 HD Cam Video surveillance camera 180 degrees FHD Home Kit"
"141",440880,"DLK0051","D-Link DCS-825L camera EyeOn Wi-Fi baby monitor"
"142",441543,"DLK0133","D-link Omna 180 HD Cam Video surveillance camera 180 degrees FHD Home Kit"
"143",441609,"GOP0090","GoPro Hero Action Camera Session"
"144",441758,"DLK0003","D-Link DCS-942L Wireless IP Camera Cloud"
"145",440802,"DLK0133","D-link Omna 180 HD Cam Video surveillance camera 180 degrees FHD Home Kit"
"146",436040,"DLK0130","D-Link DCS 180 camera HD 960L Wi-Fi ac includes 16GB microsd"
"147",442686,"NEA0012","Netatmo Presence outdoor security camera supports HomeKit"
"148",442731,"NEA0012","Netatmo Presence outdoor security camera supports HomeKit"
"149",443312,"GOP0090","GoPro Hero Action Camera Session"
"150",443598,"NEA0008","Welcome Netatmo facial recognition camera"
"151",446101,"DLK0002","D-Link DCS-932L Wireless IP Camera Cloud"
"152",447354,"GOP0090","GoPro Hero Action Camera Session"
"153",448545,"DLK0133","D-link Omna 180 HD Cam Video surveillance camera 180 degrees FHD Home Kit"
"154",449375,"DLK0003","D-Link DCS-942L Wireless IP Camera Cloud"
"155",449404,"NEA0008","Welcome Netatmo facial recognition camera"
"156",449404,"NEA0012","Netatmo Presence outdoor security camera supports HomeKit"
"157",449724,"NEA0012","Netatmo Presence outdoor security camera supports HomeKit"
"158",452613,"DLK0133","D-link Omna 180 HD Cam Video surveillance camera 180 degrees FHD Home Kit"
"159",454258,"DLK0002","D-Link DCS-932L Wireless IP Camera Cloud"
"160",458295,"DLK0133","D-link Omna 180 HD Cam Video surveillance camera 180 degrees FHD Home Kit"
"161",461146,"NES0007","Nest Cam indoor camera surveillance IQ"
"162",464726,"DLK0134","D-Link DCS-936L camera HD Wi-Fi Day / Night"
"163",465425,"DLK0130","D-Link DCS 180 camera HD 960L Wi-Fi ac includes 16GB microsd"
"164",465546,"DLK0002","D-Link DCS-932L Wireless IP Camera Cloud"
"165",467203,"DLK0051","D-Link DCS-825L camera EyeOn Wi-Fi baby monitor"
"166",469655,"NEA0008","Welcome Netatmo facial recognition camera"
"167",470667,"DLK0051","D-Link DCS-825L camera EyeOn Wi-Fi baby monitor"
"168",474406,"NEA0008","Welcome Netatmo facial recognition camera"
"169",474414,"DLK0002","D-Link DCS-932L Wireless IP Camera Cloud"
"170",474487,"NEA0008","Welcome Netatmo facial recognition camera"
"171",478041,"NKI0002","Nokia Home Air Quality Sensor HD Camera"
"172",478041,"NEA0008","Welcome Netatmo facial recognition camera"
"173",478292,"GOP0093","GoPro Hero 5 Black"
"174",478494,"DLK0044","D-Link DCS-5020L wireless surveillance camera Day / Night Network"
"175",479815,"DLK0002","D-Link DCS-932L Wireless IP Camera Cloud"
"176",481220,"NES0008","Nest Cam Outdoor Outdoor Security Camera"
"177",481244,"DLK0134","D-Link DCS-936L camera HD Wi-Fi Day / Night"
"178",481579,"DLK0002","D-Link DCS-932L Wireless IP Camera Cloud"
"179",481785,"NEA0012","Netatmo Presence outdoor security camera supports HomeKit"
"180",481992,"DLK0002","D-Link DCS-932L Wireless IP Camera Cloud"
"181",482073,"DLK0051","D-Link DCS-825L camera EyeOn Wi-Fi baby monitor"
"182",490213,"DLK0002","D-Link DCS-932L Wireless IP Camera Cloud"
"183",491252,"DLK0051","D-Link DCS-825L camera EyeOn Wi-Fi baby monitor"
"184",492047,"DLK0051","D-Link DCS-825L camera EyeOn Wi-Fi baby monitor"
"185",494016,"NEA0008","Welcome Netatmo facial recognition camera"
"186",494964,"NEA0008","Welcome Netatmo facial recognition camera"
"187",497271,"DLK0133","D-link Omna 180 HD Cam Video surveillance camera 180 degrees FHD Home Kit"
"188",497267,"DLK0051","D-Link DCS-825L camera EyeOn Wi-Fi baby monitor"
"189",497492,"DLK0003","D-Link DCS-942L Wireless IP Camera Cloud"
"190",497503,"DLK0002","D-Link DCS-932L Wireless IP Camera Cloud"
"191",497951,"GOP0091","GoPro HERO 6 Black"
"192",497992,"DLK0133","D-link Omna 180 HD Cam Video surveillance camera 180 degrees FHD Home Kit"
"193",499571,"NEA0012","Netatmo Presence outdoor security camera supports HomeKit"
"194",500167,"DLK0002","D-Link DCS-932L Wireless IP Camera Cloud"
"195",500532,"DLK0002","D-Link DCS-932L Wireless IP Camera Cloud"
"196",500847,"BEL0174","Belkin NetCam WeMO WiFi HD night vision"
"197",502096,"NEA0008","Welcome Netatmo facial recognition camera"
"198",502647,"DLK0051","D-Link DCS-825L camera EyeOn Wi-Fi baby monitor"
"199",504106,"GOP0091","GoPro HERO 6 Black"
"200",504127,"DLK0044","D-Link DCS-5020L wireless surveillance camera Day / Night Network"
"201",506949,"DLK0002","D-Link DCS-932L Wireless IP Camera Cloud"
"202",507752,"NEA0012","Netatmo Presence outdoor security camera supports HomeKit"
"203",508670,"NEA0012","Netatmo Presence outdoor security camera supports HomeKit"
"204",508952,"GOP0093","GoPro Hero 5 Black"
"205",509770,"DLK0133-A","Open - D-Link Omna 180 HD Cam Video surveillance camera 180 degrees FHD Home Kit"
"206",510394,"DLK0002","D-Link DCS-932L Wireless IP Camera Cloud"
"207",511219,"DLK0133-A","Open - D-Link Omna 180 HD Cam Video surveillance camera 180 degrees FHD Home Kit"
"208",513638,"DLK0002","D-Link DCS-932L Wireless IP Camera Cloud"
"209",513716,"DLK0002","D-Link DCS-932L Wireless IP Camera Cloud"
"210",514417,"NKI0002","Nokia Home Air Quality Sensor HD Camera"
"211",518962,"DLK0133","D-link Omna 180 HD Cam Video surveillance camera 180 degrees FHD Home Kit"
"212",522296,"NEA0008","Welcome Netatmo facial recognition camera"
"213",522427,"DLK0002","D-Link DCS-932L Wireless IP Camera Cloud"
"214",523001,"DLK0002","D-Link DCS-932L Wireless IP Camera Cloud"
"215",523443,"NEA0008","Welcome Netatmo facial recognition camera"
"216",524287,"DLK0002","D-Link DCS-932L Wireless IP Camera Cloud"
"217",525571,"DLK0002-A","Open - D-Link DCS-932L Wireless IP Camera Cloud"
"218",526512,"DLK0044-A","Open - D-Link DCS-5020L wireless surveillance camera Day / Night Network"
